id,tag,createdAt,updatedAt
1,#actor,2017-11-13 12:37:21.152-05,2017-11-13 12:37:21.152-05
2,#nycactor,2017-11-13 12:37:21.155-05,2017-11-13 12:37:21.155-05
3,#acting,2017-11-13 12:37:21.155-05,2017-11-13 12:37:21.155-05
4,#film,2017-11-13 12:37:21.155-05,2017-11-13 12:37:21.155-05
5,#oncamera,2017-11-13 12:37:21.156-05,2017-11-13 12:37:21.156-05
6,#television,2017-11-13 12:37:21.155-05,2017-11-13 12:37:21.155-05
7,#hot,2017-11-13 12:37:21.156-05,2017-11-13 12:37:21.156-05
8,#werk,2017-11-13 12:37:21.157-05,2017-11-13 12:37:21.157-05
9,#work,2017-11-13 12:37:21.158-05,2017-11-13 12:37:21.158-05
10,#makeart,2017-11-13 12:37:21.158-05,2017-11-13 12:37:21.158-05
11,#theindustry,2017-11-13 12:37:21.158-05,2017-11-13 12:37:21.158-05
12,#cinema,2017-11-13 12:37:21.159-05,2017-11-13 12:37:21.159-05
13,#script,2017-11-13 12:37:21.159-05,2017-11-13 12:37:21.159-05
14,#director,2017-11-13 12:37:21.159-05,2017-11-13 12:37:21.159-05
15,#actorgym,2017-11-13 12:37:21.16-05,2017-11-13 12:37:21.16-05
16,#actorproblems,2017-11-13 12:37:21.161-05,2017-11-13 12:37:21.161-05
17,#actorthings,2017-11-13 12:37:21.162-05,2017-11-13 12:37:21.162-05
18,#actorintraining,2017-11-13 12:37:21.163-05,2017-11-13 12:37:21.163-05
19,#nyactor,2017-11-13 12:37:21.166-05,2017-11-13 12:37:21.166-05
20,#professional,2017-11-13 12:37:21.166-05,2017-11-13 12:37:21.166-05
21,#memorize,2017-11-13 12:37:21.171-05,2017-11-13 12:37:21.171-05
22,#emote,2017-11-13 12:37:21.172-05,2017-11-13 12:37:21.172-05
23,#actallthethings,2017-11-13 12:37:21.172-05,2017-11-13 12:37:21.172-05
24,#actors,2017-11-13 12:37:21.172-05,2017-11-13 12:37:21.172-05
25,#schmacting,2017-11-13 12:37:21.173-05,2017-11-13 12:37:21.173-05
26,#blessed,2017-11-13 12:37:21.173-05,2017-11-13 12:37:21.173-05
27,#entertainment,2017-11-13 12:37:21.174-05,2017-11-13 12:37:21.174-05
28,#makeyourownwork,2017-11-13 12:37:21.175-05,2017-11-13 12:37:21.175-05
29,#hustle,2017-11-13 12:37:21.176-05,2017-11-13 12:37:21.176-05
30,#womeninfilm,2017-11-13 12:37:21.176-05,2017-11-13 12:37:21.176-05
31,#grateful,2017-11-13 12:37:21.177-05,2017-11-13 12:37:21.177-05
32,#glare,2017-11-13 12:37:21.178-05,2017-11-13 12:37:21.178-05
33,#memory,2017-11-13 12:37:21.179-05,2017-11-13 12:37:21.179-05
34,#hardwork,2017-11-13 12:37:21.179-05,2017-11-13 12:37:21.179-05
35,#lucky,2017-11-13 12:37:21.18-05,2017-11-13 12:37:21.18-05
36,#sag,2017-11-13 12:37:21.18-05,2017-11-13 12:37:21.18-05
37,#sagaftra,2017-11-13 12:37:21.18-05,2017-11-13 12:37:21.18-05
38,#scenestudy,2017-11-13 12:37:21.18-05,2017-11-13 12:37:21.18-05
39,#dreams,2017-11-13 12:37:21.181-05,2017-11-13 12:37:21.181-05
40,#dreambig,2017-11-13 12:37:21.181-05,2017-11-13 12:37:21.181-05
41,#talent,2017-11-13 12:37:21.181-05,2017-11-13 12:37:21.181-05
42,#agent,2017-11-13 12:37:21.182-05,2017-11-13 12:37:21.182-05
43,#manager,2017-11-13 12:37:21.183-05,2017-11-13 12:37:21.183-05
44,#actingcoach,2017-11-13 12:37:21.183-05,2017-11-13 12:37:21.183-05
45,#isthisreallife,2017-11-13 12:37:21.183-05,2017-11-13 12:37:21.183-05
46,#class,2017-11-13 12:37:21.183-05,2017-11-13 12:37:21.183-05
47,#actingclass,2017-11-13 12:37:21.184-05,2017-11-13 12:37:21.184-05
48,#setlife,2017-11-13 12:37:21.184-05,2017-11-13 12:37:21.184-05
49,#actorlife,2017-11-13 12:37:21.184-05,2017-11-13 12:37:21.184-05
50,#filmmaker,2017-11-13 12:37:21.184-05,2017-11-13 12:37:21.184-05
